Portfolio,Annualized Return (%),Annualized Volatility (%),Sharpe Ratio
1,11.22744442417403,14.092577248689958,0.5214959419533707
2,9.353692988726635,11.039571818698318,0.5903470496567209
3,10.089751452004034,11.803133565021149,0.5748184040911525
4,11.271411280683306,14.855747047810755,0.4862356292248101
5,6.734175307389949,6.977103998025467,0.6026714235130651
6,7.20716760126751,7.814159850973837,0.5928327164347122
7,7.352809596641545,8.063324383247803,0.5800783971817703
8,13.543151359609604,19.50261644900049,0.4207373835944965
9,7.573234488022866,10.12828855209011,0.4802999440005662
